IE_XML_ID;IE_NAME;IP_PROP228;CP_WEIGHT;CP_WIDTH;CP_HEIGHT;CP_LENGTH;CV_PRICE_1;CV_CURRENCY_1
26427250;Струйная трубка Vario Power 145 Full Con;2.642-725.0;281;100;500;50;2407.00;RUB
28839940;Набор запасных частей набор уплотнителей;2.883-994.0;0;;;;0.00;RUB
28850030;Набор запасных частей pотор нейтральный;2.885-003.0;0;;;;0.00;RUB
26428890;Распылитель G 180 Q;2.642-889.0;508;165;600;45;2298.00;RUB
53324640;Пружина сжатия;5.332-464.0;4;19;19;27;28.00;RUB
26417210;Шланг высокого давления 9/160;2.641-721.0;965;255;286;75;3781.00;RUB
63634100;Кольцо круглого сечения 5,7x1,78 NBR 90;6.363-410.0;1;10;1;10;28.00;RUB
26407290;Комплект колец круглого сечения;2.640-729.0;25;125;200;30;825.00;RUB
90124830;Роторная форсунка 033 CEM max.14MPa;9.012-483.0;166;60;40;470;0.00;RUB
63898700;"Соединительный элемент 3/4""";6.389-870.0;7;32;32;40;114.00;RUB
47605340;Регулируемая струйная трубка K3 0287;4.760-534.0;274;50;40;470;0.00;RUB
90862210;Винт ATF 4.1x22;9.086-221.0;2;2;2;25;28.00;RUB
90862030;Винт 4x22;9.086-203.0;2;20;7;40;38.00;RUB
44700410;Быстроразъемная муфта высокого давления;4.470-041.0;67;46;46;57;385.00;RUB
90804550;Уплотнение 10x2,8;9.080-455.0;1;16;2;16;47.00;RUB
90011100;Фасонный элемент в сборе;9.001-110.0;4;40;10;60;649.00;RUB
63628750;Кольцо с проточкой диам. 12 x 20 x 5;6.362-875.0;1;21;5;21;148.00;RUB
90384280;Кольцо 6,7 мм;9.038-428.0;3;24;17;24;60.00;RUB
64650310;Соединительный элемент 3/4;6.465-031.0;7;32;32;38;161.00;RUB
90018190;Кожух в сборе;9.001-819.0;3;70;13;110;0.00;RUB
90780150;Кольцо с проточкой;9.078-015.0;2;20;6;20;148.00;RUB
90480710;Прокладка;9.048-071.0;3;15;5;20;53.00;RUB
90019270;Поршень компл.;9.001-927.0;66;70;30;100;1385.00;RUB
90862050;Винт;9.086-205.0;11;17;17;20;60.00;RUB
74010100;Шарикоподшипник 6303-St DIN 625;7.401-010.0;113;80;15;100;387.00;RUB
69640920;Thermoplex ALN VP2 Текучая смазка(50 мл);6.964-092.0;53;35;20;150;397.00;RUB
90019180;Крышка кожуха мотора в сборе;9.001-918.0;325;150;130;160;2802.00;RUB
90804530;Уплотнительное кольцо 95x6;9.080-453.0;11;105;6;105;228.00;RUB
47642810;Грязевая фреза;4.764-281.0;170;45;45;455;3879.00;RUB
26405890;Продольная щетка;2.640-589.0;419;140;125;480;0.00;RUB
26432400;1-ступенчатая удлинительная трубка 0,4 м;2.643-240.0;304;62;62;500;1126.00;RUB
63710860;Щёточная полоска;6.371-086.0;110;280;25;280;605.00;RUB
53948650;Решетка T 250 Plus;5.394-865.0;0;;;;0.00;RUB
28839630;Коренная шейка комплектный;2.883-963.0;0;;;;0.00;RUB
26433380;Запчасти к насадкам T-Racer;2.643-338.0;28;30;90;125;686.00;RUB
28851820;Набор запасных частей pотор T 250 plus;2.885-182.0;0;;;;0.00;RUB
53101600;Гайка Керхер;5.310-160.0;25;43;55;43;81.00;RUB
73432060;Стопорная шайба 12;7.343-206.0;2;20;2;23;53.00;RUB
47641550;Форсунка комплектный 15015;4.764-155.0;0;;;;0.00;RUB
47641560;Форсунка комплектный 15020;4.764-156.0;0;;;;0.00;RUB
47641900;Форсунка kpl. 75047;4.764-190.0;2;18;18;20;303.00;RUB
50371510;Скоба;5.037-151.0;2;15;3;15;53.00;RUB
47604950;Струйная трубка;4.760-495.0;211;35;35;480;923.00;RUB
47606880;Струйная трубка PS;4.760-688.0;232;40;40;440;0.00;RUB
54711050;Муфта удлиненной струйной трубки;5.471-105.0;18;20;20;98;114.00;RUB
63211600;Pучка пеноматериал;6.321-160.0;0;;;;372.00;RUB
53946610;Защитная деталь;5.394-661.0;0;;;;302.00;RUB
53948730;Защитная решетка T 400 Plus;5.394-873.0;111;287;287;23;381.00;RUB
28850470;Набор уплотнителей T 400;2.885-047.0;0;;;;0.00;RUB
28850480;Набор запасных частей Rotor T 400;2.885-048.0;0;;;;2910.00;RUB
26418480;Сопло для пенной чистки упаков. 0,3 л;2.641-848.0;43000;265;90;265;0.00;RUB
50714500;Емкость 1л;5.071-450.0;80;100;100;210;248.00;RUB
90850950;Конденсатор 32uF;9.085-095.0;143;80;50;150;997.00;RUB
90850860;Конденсатор WCM 35uF;9.085-086.0;146;45;45;110;974.00;RUB
90842900;Кабель со штекером 3G1 *CH;9.084-290.0;492;170;30;250;2614.00;RUB
90841390;Кабель со штеккером;9.084-139.0;450;280;40;300;1939.00;RUB
90841440;Кабель с штепсель;9.084-144.0;0;;;;0.00;RUB
90376930;Ручной переключатель;9.037-693.0;13;45;40;45;60.00;RUB
90804650;Уплотняющее кольцо конденсатора д.45, 70;9.080-465.0;4;55;17;55;114.00;RUB
97600540;Крышка замок;9.760-054.0;0;;;;53.00;RUB
47642620;Роторное сопло 031 St - CEM;4.764-262.0;164;80;35;480;0.00;RUB
26427280;Грязевая фреза 145 Full Control;2.642-728.0;208;100;500;50;2749.00;RUB
45152990;Колесико;4.515-299.0;165;180;35;180;0.00;RUB
57310110;Фильтр тонкой очистки;5.731-011.0;10;70;16;1;94.00;RUB
73061540;Винт M8x75 -8.8-A3R (In6Rd);7.306-154.0;30;16;16;82;0.00;RUB
47752640;Разбрызгиватель 96 на замену;4.775-264.0;468;110;45;470;0.00;RUB
53215120;Двухэлементная ручка;5.321-512.0;0;;;;1939.00;RUB
54811890;Рычаг блокировка;5.481-189.0;0;;;;119.00;RUB
44811050;Рычаг комплектный;4.481-105.0;0;;;;855.00;RUB
53140820;Штифт -BONEZZI 12.022.706;5.314-082.0;0;;;;66.00;RUB
63895550;Шланг высокого давления M 15 МПа 9 м 60;6.389-555.0;955;260;75;265;0.00;RUB
26417060;Шланг высокого давления 16MПа/9м;2.641-706.0;1017;265;75;265;0.00;RUB
57623310;Щеточный держатель;5.762-331.0;107;158;18;158;769.00;RUB
63699180;Линейчатая щетка;6.369-918.0;0;;;;0.00;RUB
26413610;Насадка T-Racer 200 в упаковке;2.641-361.0;1800;200;295;400;0.00;RUB
26415560;кзч для насадки 027;2.641-556.0;10;40;20;40;0.00;RUB
63035570;Винт 3x12 Kombitorx T8;6.303-557.0;0;;;;38.00;RUB
53948720;Решетка T 300 Plus;5.394-872.0;0;;;;381.00;RUB
28839730;Набор запасных частей pотор;2.883-973.0;0;;;;2521.00;RUB
66499030;Кабель с штепсель *CH;6.649-903.0;0;;;;1577.00;RUB
66489710;Кабель с штепсель *Aus;6.648-971.0;0;;;;0.00;RUB
66483610;Кабель с штепсель *RA H05RN-F 3G1/5,6M;6.648-361.0;0;;;;3195.00;RUB
69591300;Фильтр-мешки бумажн. 5 шт.;6.959-130.0;451;212;310;80;664.00;RUB
69003850;Щелевая насадка DN35;6.900-385.0;32;39;39;205;259.00;RUB
46290130;Насадка для пола Clip;4.629-013.0;128;170;60;280;1155.00;RUB
46290160;Насадка д/пола;4.629-016.0;72;45;40;280;686.00;RUB
64145520;Патронный фильтр;6.414-552.0;235;130;125;130;923.00;RUB
53329970;Винтовая пружина;5.332-997.0;0;;;;81.00;RUB
28631480;Удлинительная трубка DN35;2.863-148.0;157;75;45;630;938.00;RUB
28630120;Рукоятка всасывающ.шланга;2.863-012.0;73;70;50;290;553.00;RUB
46490870;Кабель ферритовое кольцо комплектный DNA;4.649-087.0;0;;;;372.00;RUB
57315950;Фильтр;5.731-595.0;16;120;30;150;664.00;RUB
69043220;Фильтр-мешки (5 шт.);6.904-322.0;328;170;60;250;660.00;RUB
90121090;Всасывающий шланг в сборе DN35x2;9.012-109.0;550;430;50;530;2076.00;RUB
66480210;Кабель с штепсель *GB;6.648-021.0;0;;;;1901.00;RUB
44410840;Всасывающий шланг в сборе;4.441-084.0;439;360;85;480;935.00;RUB
90391480;Скоба;9.039-148.0;4;28;4;35;47.00;RUB
90862000;Винт M 8x55 Класс 8.8;9.086-200.0;24;12;12;64;66.00;RUB
90393080;Крышка K130;9.039-308.0;145;80;45;85;0.00;RUB
90017410;Компактный модуль корпуса передний;9.001-741.0;6;22;22;25;463.00;RUB
90020110;Управляющий корпус;9.002-011.0;235;90;70;150;2542.00;RUB
90814220;Фасонное уплотнение;9.081-422.0;1;42;2;42;28.00;RUB
90016930;КЗЧ к цилиндрической головке WCP;9.001-693.0;77;80;50;100;2046.00;RUB
90011490;Комплект клапанов;9.001-149.0;4;60;10;100;756.00;RUB
90011060;Соединительный элемент;9.001-106.0;7;21;21;22;429.00;RUB
90011070;Обойма в сборе;9.001-107.0;1;10;10;14;495.00;RUB
90470260;Пружина;9.047-026.0;2;7;7;17;38.00;RUB
90019990;Головка цилиндра;9.001-999.0;69;62;48;62;2145.00;RUB
90020280;Набор запасных частей;9.002-028.0;6;50;15;100;1337.00;RUB
90020270;Соединение с баком д/моющ ср-ва;9.002-027.0;7;70;20;100;936.00;RUB
90020290;Картер рулевого механизма;9.002-029.0;82;100;56;160;2479.00;RUB
90020170;Инжектор в сборе;9.002-017.0;4;70;17;100;763.00;RUB
90421290;Прямоточная направляющая;9.042-129.0;143;100;60;100;0.00;RUB
90019060;Мотор H70 Cu K3/K4;9.001-906.0;0;;;;12104.00;RUB
90016710;Поворотная плита;9.001-671.0;123;110;20;120;4485.00;RUB
90019390;Распределительный щит комплектный;9.001-939.0;0;;;;4160.00;RUB
90842310;Кабель с штепсель;9.084-231.0;0;;;;0.00;RUB
90374410;Распределительный щит WCM;9.037-441.0;1;15;3;17;47.00;RUB
63684130;Поэзия выключатель;6.368-413.0;0;;;;119.00;RUB
50372000;Крючок жёлтый;5.037-200.0;15;70;30;30;248.00;RUB
73140400;Цилиндрический штифт 5m6x50 -A1 ISO 233;7.314-040.0;0;;;;119.00;RUB
50331690;Держатель форсунка для пола;5.033-169.0;0;;;;421.00;RUB
50692460;Кожух крышка;5.069-246.0;0;;;;248.00;RUB
62732750;Пеноматериал;6.273-275.0;0;;;;47.00;RUB
53637190;Поэзия;5.363-719.0;0;;;;47.00;RUB
52501520;Подшипник;5.250-152.0;12;53;53;5;66.00;RUB
45152780;Колесо в сборе;4.515-278.0;0;;;;0.00;RUB
54436630;Шланговый ниппель D 7,5;5.443-663.0;0;;;;674.00;RUB
40690190;Кожух воздуходувка только для замены;4.069-019.0;0;;;;4200.00;RUB
63632420;О-Кольцо 6x2,2 EPDM 80 SH;6.363-242.0;0;;;;47.00;RUB
69041430;Фильтр-мешки 5 шт. + микрофильтр 1 шт.;6.904-143.0;400;188;66;260;0.00;RUB
64144980;Комплект плоских складчатых фильтров;6.414-498.0;200;255;75;80;0.00;RUB
69065110;Комбинированная насадка DN35;6.906-511.0;498;340;75;400;0.00;RUB
94370250;Шланг в сборе SE;9.437-025.0;600;450;120;450;0.00;RUB
90018100;Клавиша серый;9.001-810.0;0;;;;397.00;RUB
40690560;Крышка фильтра;4.069-056.0;0;;;;0.00;RUB
90024780;Держатель магнит комплектный 20x5;9.002-478.0;0;;;;220.00;RUB
69069550;Форсунка для пола RD264 DN35, 1:40;6.906-955.0;327;230;85;260;1075.00;RUB
43219720;Паровой шланг в сборе для замены;4.321-972.0;544;300;60;400;4909.00;RUB
28632080;Спец.аксессуар для глажения I 600;2.863-208.0;1780;147;180;297;7674.00;RUB
28632700;Микроволоконные обтяжки для ручная форсу;2.863-270.0;76;126;207;42;1170.00;RUB
28842800;Ручная насадка;2.884-280.0;178;160;60;200;1214.00;RUB
63693570;Комплект салфеток, 5 шт.;6.369-357.0;272;125;90;200;1052.00;RUB
41300183;Насадка для пола;4.130-018.3;269;160;40;300;1235.00;RUB
28630770;Комплект круглых щёток, 3 шт.;2.863-077.0;44;130;26;160;0.00;RUB
41300210;Точечное сопло в компл.;4.130-021.0;36;51;39;124;566.00;RUB
66500960;Кабель с штепсель *CH 4m;6.650-096.0;0;;;;1083.00;RUB
66497990;Кабель с штепсель *GB 4m;6.649-799.0;0;;;;1244.00;RUB
66515190;Плоский штепсель;6.651-519.0;0;;;;66.00;RUB
63033240;Винт M 6x 32;6.303-324.0;0;;;;47.00;RUB
65120020;Подшипник резина сверху;6.512-002.0;0;;;;47.00;RUB
28632640;Комплект круглых щёток 4 шт.;2.863-264.0;68;125;30;200;714.00;RUB
28631710;Набор салфеток для ванной, 4 шт.;2.863-171.0;285;265;220;370;2132.00;RUB
28631590;Паровая турбощетка;2.863-159.0;249;125;45;200;1646.00;RUB
43220100;Паровой шланг в сборе д/замены I6006;4.322-010.0;530;180;70;280;3046.00;RUB
68620000;Задняя стенка утюг заменитель I 6006;6.862-000.0;0;;;;201.00;RUB
48840010;Лента изоляция AB 1000;4.884-001.0;0;;;;608.00;RUB
50331350;Крышка гладильный стол AB 1000;5.033-135.0;0;;;;495.00;RUB
68840130;Кабель с тяговая разгрузка AB1000 *CH;6.884-013.0;0;;;;1800.00;RUB
68840060;Pучка AB 1000;6.884-006.0;0;;;;239.00;RUB
28630180;Картридж спец. аксессуар;2.863-018.0;171;55;255;100;801.00;RUB
41304310;Сопло точечного разбрызгивания в компл.;4.130-431.0;31;45;40;125;318.00;RUB
65120380;Подшипник резина;6.512-038.0;0;;;;20.00;RUB
53642480;Уплотнение;5.364-248.0;40;90;90;17;186.00;RUB
53870360;Предупредительная надпись;5.387-036.0;0;;;;47.00;RUB
43220480;Шланг подачи пара без штепселя bk/yw;4.322-048.0;420;320;340;;1972.00;RUB
45120900;Нижняя часть корпуса комплектный заменит;4.512-090.0;0;;;;2240.00;RUB
55850660;Скоба;5.585-066.0;0;;;;13.00;RUB
40392350;Комплект кабеля заменитель SC 3;4.039-235.0;0;;;;1217.00;RUB
45120950;Опора комплектный заменитель DLE SC 3;4.512-095.0;0;;;;917.00;RUB
55850670;Изоляция DLE;5.585-067.0;0;;;;119.00;RUB
45121080;Верхняя часть корпуса комплектный замени;4.512-108.0;0;;;;2091.00;RUB
63035670;Винт с острие 3x12 Kombitorx T8;6.303-567.0;0;;;;5.00;RUB
28630610;Комплект щёток с латунной щетиной 3 шт.;2.863-061.0;67;125;30;200;895.00;RUB
28632630;Комплект мощное сопло SC1;2.863-263.0;45;125;200;29;664.00;RUB
28632590;Микроволоконные салфетки для пола EasyFi;2.863-259.0;111;126;207;44;1142.00;RUB
28632670;Набор насадок для пола EasyFix;2.863-267.0;409;375;260;51;2061.00;RUB
28632660;Комплект салфеток (ванна), SC EasyFix;2.863-266.0;200;251;207;46;2132.00;RUB
28632650;Набор микроволоконных салфеток кухня;2.863-265.0;205;251;207;46;2132.00;RUB
40390300;Комплект кабеля SC 4 EU;4.039-030.0;100;245;200;;1064.00;RUB
63948260;Всасывающий шланг DN32;6.394-826.0;800;400;90;500;4507.00;RUB
63943750;Всасывающий шланг;6.394-375.0;1350;470;90;600;7048.00;RUB
40069070;Дозатор пеногасителя;4.006-907.0;283;180;115;340;3435.00;RUB
41300010;Насадка для мягкой мебели PUZZI 8/1 10/1;4.130-001.0;134;220;40;200;2249.00;RUB
41300070;Насадка от пылесоса для пола;4.130-007.0;2650;455;140;710;11489.00;RUB
41300100;Соедин.форсунка в сборе упакованная;4.130-010.0;89;100;35;260;1764.00;RUB
47620140;Адаптер для тверд. поверхности 240 мм;4.762-014.0;239;130;60;370;1924.00;RUB
41300000;Ручка в сборе;4.130-000.0;365;250;50;340;4013.00;RUB
2814;Резьбовая крышка;6.394-106.0;10;49;49;19;1356.00;RUB
40250040;Всасывающая трубка в сборе;4.025-004.0;658;80;50;780;4067.00;RUB
43210010;Ручка для удлинительн. трубки;4.321-001.0;422;200;120;330;1924.00;RUB
41300080;Насадка для ковров 240 мм;4.130-008.0;651;340;70;380;5509.00;RUB
47640070;Корпус форсунки комплектный;4.764-007.0;0;;;;756.00;RUB
47650000;Распылитель набор;4.765-000.0;0;;;;955.00;RUB
50320260;Зажим насадка для щелей;5.032-026.0;0;;;;47.00;RUB
43210380;Обшивка трубы;4.321-038.0;110;310;100;65;1744.00;RUB
55153770;Колесо;5.515-377.0;348;180;180;;763.00;RUB
66503630;Сетевой кабель Puzzi 10/1;6.650-363.0;544;470;140;40;1284.00;RUB
50339890;Держатель принадлежности Puzzi 10/1, Puz;5.033-989.0;0;;;;315.00;RUB
40700060;Бак для химии;4.070-006.0;208;320;90;340;0.00;RUB
69800770;Двойной крюк B 40;6.980-077.0;8;45;35;50;259.00;RUB
69800780;Держатель рукоятки серый;6.980-078.0;15;27;40;53;259.00;RUB
69800800;Держатель флакона;6.980-080.0;18;72;33;78;491.00;RUB
63917960;Шланг высокого давления 12/16MPa,60G;6.391-796.0;1890;200;100;200;0.00;RUB
90376220;Фиксатор кабеля K6/K7 MODUL RANGE;9.037-622.0;48;75;65;120;153.00;RUB
90376190;Держатель разбрызгивателя нижний;9.037-619.0;40;80;60;82;148.00;RUB
90376180;Держатель разбрызгивателя верхний;9.037-618.0;88;85;60;130;267.00;RUB
26432370;Щетка Power Brush WB 150;2.643-237.0;966;235;353;206;3231.00;RUB
26431500;FJ 3 пенная насадка Basic Line;2.643-150.0;182;230;285;93;712.00;RUB
47642130;Роторное сопло 033 St;4.764-213.0;203;50;30;470;0.00;RUB
47605240;Струйная трубка Vario Power K5 033;4.760-524.0;305;60;45;450;0.00;RUB
63904260;Шланг DN 5;6.390-426.0;54;200;9;200;262.00;RUB
50520810;Скоба;5.052-081.0;0;;;;47.00;RUB
54814130;Зажимной шланг HD;5.481-413.0;0;;;;47.00;RUB
73040270;Шестигранный винт M8x12-8.8-P2E EN 16;7.304-027.0;0;;;;38.00;RUB
46243330;Двигатель K7 ALU/M8;4.624-333.0;0;;;;0.00;RUB
56921220;Воздухопровод WCM K7;5.692-122.0;0;;;;722.00;RUB
41202360;Наклонная шайба комплектный 11А28';4.120-236.0;0;;;;4341.00;RUB
46242160;Мотор K7;4.624-216.0;0;;;;26818.00;RUB
62880480;Engine oil 15W/40;6.288-048.0;0;;;;0.00;RUB
41200080;Косая шайба комплектный 10А10' (D67);4.120-008.0;0;;;;841.00;RUB
46242170;Мотор комплектный для замены K7 WCM *SA;4.624-217.0;0;;;;26552.00;RUB
63917950;Шланг высокого давления 16MPa/12m 60АC;6.391-795.0;1040;300;70;300;0.00;RUB
47642110;Роторная форсунка 0295 St;4.764-211.0;206;51;51;468;0.00;RUB
26418120;Насадка Delta-Racer D 150;2.641-812.0;995;175;265;420;0.00;RUB
57624040;Опора щетки Power-Brush;5.762-404.0;0;;;;0.00;RUB
28854060;Ротор в сборе;2.885-406.0;150;270;70;70;2741.00;RUB
51159710;Диск;5.115-971.0;0;;;;47.00;RUB
50354390;Втулка;5.035-439.0;0;;;;47.00;RUB
66499020;Кабель с штепсель *CH;6.649-902.0;0;;;;1867.00;RUB
66498940;Кабель с штепсель *GB;6.649-894.0;0;;;;2502.00;RUB
73032350;Винт M6x50 -St-A2K (In6Rd);7.303-235.0;0;;;;38.00;RUB
90017660;Крышка в сборе серебристая K5.700;9.001-766.0;60;60;45;230;1122.00;RUB
90376260;Телескопическая ручка Standard;9.037-626.0;389;220;50;500;868.00;RUB
90378710;Корпус задней части Mod.Compact;9.037-871.0;1150;300;250;500;3171.00;RUB
45153250;Комплект замены колеса 200 HUMMER;4.515-325.0;564;200;90;380;1624.00;RUB
45152920;Колпак для колеса К3;4.515-292.0;99;280;100;450;703.00;RUB
90376730;Фиксатор;9.037-673.0;40;100;30;130;248.00;RUB
90814170;Кольцо круглого сечения 20 х 2;9.081-417.0;2;20;2;20;0.00;RUB
3049;Кольцо круглого сечения 9,0 х 1,5;6.362-384.0;5;13;13;2;34.00;RUB
90804260;Кольцо круглого сечения 62x3 NBR, твердо;9.080-426.0;2;70;2;70;153.00;RUB
90780070;Уплотнение вала 17x35x5;9.078-007.0;7;35;5;35;748.00;RUB
90017990;Перемычка PS;9.001-799.0;34;200;40;300;133.00;RUB
26432360;Вращающаяся щетка WB 100;2.643-236.0;702;161;303;109;2792.00;RUB
28845310;Набор запасных частей швабры;2.884-531.0;15;70;50;16;1466.00;RUB
90017670;Запасная часть электрической коробки;9.001-767.0;773;200;100;200;4261.00;RUB
90025430;Поручень chiuso K7 Modular;9.002-543.090;90;410;260;;2059.00;RUB
45508930;Головка цилиндра в сборе;4.550-893.0;272;115;45;115;0.00;RUB
63918690;Шланг высокого давления резина 16/7,5 60;6.391-869.0;0;;;;0.00;RUB
26432430;Роторное сопло;2.643-243.0;248;95;500;60;0.00;RUB
26402120;Насадка T-Racer 300;2.640-212.0;2784;260;350;380;0.00;RUB
28852830;КЗЧ для крепления шланга ВД;2.885-283.0;250;160;100;170;2527.00;RUB
90376340;Крышка модульная;9.037-634.0;700;310;170;520;2274.00;RUB
90126810;RM держатель;9.012-681.0;40;70;50;230;782.00;RUB
90380230;Держатель аксессуаров EU-USA;9.038-023.0;285;220;120;370;917.00;RUB
90017490;Выпускное отверстие высок.давления;9.001-749.0;118;125;110;170;1586.00;RUB
90019470;Мотор комплектный;9.001-947.0;0;;;;12066.00;RUB
90017050;Пластина 10°24;9.001-705.0;124;70;20;100;4240.00;RUB
90019350;Кожух для мотора;9.001-935.0;300;150;120;150;2802.00;RUB
90023940;Мотор заменитель;9.002-394.0;0;;;;17723.00;RUB
90862330;Винт;9.086-233.0;15;26;17;5;34.00;RUB
53670390;Поэзия;5.367-039.0;0;;;;60.00;RUB
69610140;Шланг DN4;6.961-014.0;0;;;;106.00;RUB
90017700;Запасные части распред электрокоробки;9.001-770.0;576;200;100;200;5852.00;RUB
90023970;Набор запасных частей распределительный;9.002-397.0;0;;;;0.00;RUB
90017680;Электрический блок;9.001-768.0;661;200;100;200;4767.00;RUB
90850130;Конденсатор 25 мФ, L=73;9.085-013.0;114;45;45;84;530.00;RUB
90804940;Уплотнительное кольцо 20x2 EPDM 70;9.080-494.0;5;23;23;1;60.00;RUB
53876200;Предупредительная надпись новый;5.387-620.0;0;;;;73.00;RUB
50309670;Захватная пара;5.030-967.0;0;;;;1499.00;RUB
64212050;Манометр 0-150 BAR;6.421-205.0;0;;;;4433.00;RUB
28837820;Набор уплотнительных колец;2.883-782.0;0;;;;87.00;RUB
54811400;Рычаг;5.481-140.0;0;;;;1037.00;RUB
53322470;Винтовая пружина;5.332-247.0;25;41;28;28;220.00;RUB
26419590;Разбрызгиватель упак. д/зам. 16MPa/60АC;2.641-959.0;387;165;500;42;1610.00;RUB
47755670;Пистолет M V4;4.775-567.0;568;190;40;460;0.00;RUB
40370160;Крючок;4.037-016.0;6;80;20;100;0.00;RUB
63917830;Шланг высокого давления 16/12 60АC;6.391-783.0;1120;300;70;400;0.00;RUB
44408660;Шланг высок.давления резин.16MPa/9m60АС;4.440-866.0;1480;200;100;200;0.00;RUB
63918700;Шланг вд 16/9 60°C;6.391-870.0;1400;270;60;270;0.00;RUB
63917850;Шланг высокого давления 16/12 60АC;6.391-785.0;1085;300;70;300;0.00;RUB
26427260;Струйная трубка Vario Power VP180;2.642-726.0;298;100;500;50;2434.00;RUB
63890920;Удлинительный шланг 10 м;6.389-092.0;1383;255;286;125;5706.00;RUB
66482600;Кабель с штепсель *RA;6.648-260.0;0;;;;6148.00;RUB
90024880;Мотор;9.002-488.0;6300;245;205;205;11050.00;RUB
90023930;Мотор заменитель;9.002-393.0;0;;;;13123.00;RUB
90023960;Набор запасных частей распределительный;9.002-396.0;0;;;;4542.00;RUB
90385480;Регулятор потока;9.038-548.0;5;12;6;6;114.00;RUB
46243300;Мотор для заменитель K7 M8 *CH;4.624-330.0;0;;;;19798.00;RUB
46243340;Мотор комплектный заменитель K7 D117 M8;4.624-334.0;0;;;;26953.00;RUB
57670250;Буффер;5.767-025.0;10;26;15;37;326.00;RUB
47605420;Регулируемая струйная трубка K5 032;4.760-542.0;292;45;45;440;0.00;RUB
47607360;Струйная трубка PS Eco!ogic;4.760-736.0;0;;;;0.00;RUB
26432460;Мягкая щетка WB 50;2.643-246.0;378;121;421;92;0.00;RUB
47607230;Струйная трубка K2 0287;4.760-723.0;149;40;40;450;1804.00;RUB
47642430;Роторная форсунка K2 027 St;4.764-243.0;131;42;36;463;0.00;RUB
28854870;Набор запасных частей тяговая разгрузка;2.885-487.0;0;;;;0.00;RUB
28854750;Набор запасных частей тяговая разгрузка;2.885-475.0;0;;;;0.00;RUB
45205060;Шасси в сборе для замены K3 *EU;4.520-506.0;700;275;185;330;949.00;RUB
40639180;Крышка с присосами для замены с SV5 (r);4.063-918.0;0;;;;788.00;RUB
46453650;Муфта с этикеткой комплектный;4.645-365.0;0;;;;201.00;RUB
63035190;Винт M5x25-10.9-A2E (IN6RD/T25);6.303-519.0;0;;;;28.00;RUB
45511910;Головка цилиндра для замены (040) RV;4.551-191.0;0;;;;3305.00;RUB
40670710;Корпус электродвигателя набор заменитель;4.067-071.0;0;;;;2426.00;RUB
66485860;Кабель мотор коричневый AWG18x270mm;6.648-586.0;0;;;;106.00;RUB
66485870;Кабель мотор красный AWG18x225mm;6.648-587.0;0;;;;106.00;RUB
66496060;Кабель с конденсатор 470nF (Motor h45);6.649-606.0;0;;;;161.00;RUB
41006620;Комплект запасных частей планетарная шес;4.100-662.0;55;10;7;7;697.00;RUB
41006210;Мотор только для замены;4.100-621.0;0;;;;0.00;RUB
41006180;Мотор только для замены;4.100-618.0;0;;;;0.00;RUB
21000230;Специальный инструмент мотора K2;2.100-023.0;265;95;95;50;7744.00;RUB
53324340;Винтовая пружина;5.332-434.0;0;;;;583.00;RUB
63699780;Линейчатая щетка комплектный;6.369-978.0;0;;;;0.00;RUB
28830000;Набор запасных частей pотор комплектный;2.883-000.0;0;;;;2053.00;RUB
41202280;"Косая шайба 4,02 (37); 6°12'";4.120-228.0;158;120;110;100;3750.00;RUB
47643020;FJ 3 пенная форсунка приложение к прибор;4.764-302.0;0;;;;0.00;RUB
47643170;Вставка в грязевую фрезу 026 St;4.764-317.0;147;41;41;450;2835.00;RUB
50676173;ПАРА КОРПУСОВ только для замены;5.067-617.3;0;;;;1270.00;RUB
47600390;Струйная трубка VPS Entry 026 K;4.760-039.0;143;445;42;42;2681.00;RUB
45205070;Шасси комплектный заменитель K3 (QC);4.520-507.0;0;;;;2101.00;RUB
63965140;Шланг высокого давления 12MPa/6 40°C QCS;6.396-514.0;469;230;60;300;2533.00;RUB
47758300;Разбрызгиватель;4.775-830.0;338;180;40;450;2776.00;RUB
90021740;Elastic bend spare parts;9.002-174.0;0;;;;963.00;RUB
90862200;Винт ST.4x17 P2R;9.086-220.0;5;20;9;9;20.00;RUB
90481560;Пеноматериал корпус впереди;9.048-156.0;0;;;;554.00;RUB
90481580;Пеноматериал мотор;9.048-158.0;0;;;;467.00;RUB
90481570;Пеноматериал насос позади;9.048-157.0;0;;;;235.00;RUB
90481530;Резиновый профиль мотор;9.048-153.0;0;;;;329.00;RUB
90481520;Резиновый профиль опора;9.048-152.0;0;;;;467.00;RUB
90481550;Резина отвод высокого давления;9.048-155.0;0;;;;347.00;RUB
97609550;О-Кольцо 12,0x2,0 EPDM 70;9.760-955.0;0;;;;38.00;RUB
90383810;Труба брызговик;9.038-381.0;0;;;;47.00;RUB
63963010;Шланг вд 14.5MPa/6 40°C;6.396-301.0;720;270;50;300;6463.00;RUB
90821170;Шланг высокого давления;9.082-117.0;118;640;19;19;1103.00;RUB
90393700;Штифт для рамки;9.039-370.0;5;22;3;3;34.00;RUB
28851050;Набор запасных частей форсунки 015;2.885-105.0;0;;;;955.00;RUB
28854860;Набор запасных частей тяговая разгрузка;2.885-486.0;0;;;;0.00;RUB
40670490;Комплект рамы двигателя L+R (K2.900);4.067-049.0;213;150;120;300;0.00;RUB
41006230;Мотор только для замены;4.100-623.0;0;;;;0.00;RUB
26439120;Набор шланг высокого давления и пистолет;2.643-912.0;1061;265;520;85;2638.00;RUB
63929660;Шланг высокого давления 12MPa/10 40АC QC;6.392-966.0;0;;;;0.00;RUB
63965250;Шланг высокого давления 12MPa/4 40°C NQC;6.396-525.0;0;;;;0.00;RUB
63962280;Шланг высокого давления 12MPa/10 40°C;6.396-228.0;554;200;80;200;2626.00;RUB
47605350;Комплект струйной трубки K2 025;4.760-535.0;170;40;40;447;0.00;RUB
26417460;T 50 Gerфtebeilage;2.641-746.0;0;;;;0.00;RUB
28845300;Набор запасных частей pотор T 50;2.884-530.0;0;;;;2869.00;RUB
63965130;Шланг высокого давления 12MPa/4 40°C QCS;6.396-513.0;225;200;50;270;1692.00;RUB
26431000;Всасывающий шланг SH 5 м.;2.643-100.0;897;255;286;97;2039.00;RUB
63923883;Шланг в.д.16MPa/12 60°C QC Eco;6.392-388.3;1026;315;65;350;0.00;RUB
63917940;Шланг для HD* 16MPa/9m 60АC;6.391-794.0;900;300;60;300;4788.00;RUB
90861570;Винт 5х30;9.086-157.0;5;12;12;33;0.00;RUB
46239090;Мотор комплектный заменитель -K6.91*AUS;4.623-909.0;0;;;;22072.00;RUB
66489920;Кабель с штепсель *Aus;6.648-992.0;0;;;;1417.00;RUB
66489970;Кабель с штепсель *GB;6.648-997.0;0;;;;2107.00;RUB
90021580;Давление поршень сталь (9012-3330);9.002-158.0;0;;;;0.00;RUB
90024660;Инжектор моющее средство комплектный;9.002-466.0;5;80;30;30;273.00;RUB
90804720;O-ring 9 x 1,5 NBR 70;9.080-472.0;0;;;;47.00;RUB
90024850;Поршень;9.002-485.0;315;80;80;85;1244.00;RUB
51159770;Колпак колеса колесо алюминий;5.115-977.0;0;;;;53.00;RUB
73033280;Винт M5x8;7.303-328.0;5;10;10;10;34.00;RUB
44407880;Шланг высокого давления M 12/16 МПа KAER;4.440-788.0;1061;340;55;340;0.00;RUB
90019830;Мотор комплектный;9.001-983.0;0;;;;12545.00;RUB
90017480;КЗЧ всасывающей стороны K3/K4;9.001-748.58;58;130;120;50;1107.00;RUB
90019480;Мотор комплектный;9.001-948.0;0;;;;0.00;RUB
90018910;Двигатель 9012-8140;9.001-891.0;7300;255;215;320;0.00;RUB
90018500;Распределительный щит;9.001-850.0;624;230;230;80;5713.00;RUB
